{"cameraMode":{"drawMode":0,"name":"Shaded","section":"Shading Mode"},"sceneLighting":false,"audioPlay":false,"sceneViewState":{"showFog":false,"showMaterialUpdate":false,"showSkybox":false,"showFlares":false,"showImageEffects":false,"showParticleSystems":false},"in2DMode":false,"pivot":{"x":2.384185791015625e-7,"y":0.8850403428077698,"z":-0.007395803928375244},"rotation":{"x":0.03548967465758324,"y":-0.7861060500144959,"z":-0.045329995453357699,"w":-0.615413248538971},"size":2.5752170085906984,"orthographic":false}