{"cameraMode":{"drawMode":0,"name":"Shaded","section":"Shading Mode"},"sceneLighting":true,"audioPlay":false,"sceneViewState":{"showFog":false,"showMaterialUpdate":false,"showSkybox":false,"showFlares":false,"showImageEffects":false,"showParticleSystems":false},"in2DMode":false,"pivot":{"x":0.19999998807907105,"y":2.25,"z":-0.5199999809265137},"rotation":{"x":0.0594797357916832,"y":0.4551631808280945,"z":-0.030515577644109727,"w":0.8879308104515076},"size":3.699037790298462,"orthographic":false}