{"cameraMode":{"drawMode":0,"name":"Shaded","section":"Shading Mode"},"sceneLighting":true,"audioPlay":false,"sceneViewState":{"showFog":false,"showMaterialUpdate":false,"showSkybox":false,"showFlares":false,"showImageEffects":false,"showParticleSystems":false},"in2DMode":false,"pivot":{"x":18.401988983154298,"y":-7.3629961013793949,"z":6.620140552520752},"rotation":{"x":0.16842064261436463,"y":0.5223731994628906,"z":-0.10611400753259659,"w":0.8291701674461365},"size":14.993387222290039,"orthographic":false}