{"cameraMode":{"drawMode":0,"name":"Shaded","section":"Shading Mode"},"sceneLighting":true,"audioPlay":false,"sceneViewState":{"showFog":false,"showMaterialUpdate":false,"showSkybox":false,"showFlares":false,"showImageEffects":false,"showParticleSystems":false},"in2DMode":false,"pivot":{"x":11.399956703186036,"y":-8.584710121154786,"z":18.716297149658204},"rotation":{"x":0.1915915608406067,"y":0.2892242670059204,"z":-0.05920865386724472,"w":0.9360330104827881},"size":15.924240112304688,"orthographic":false}