{"cameraMode":{"drawMode":0,"name":"Shaded","section":"Shading Mode"},"sceneLighting":true,"audioPlay":false,"sceneViewState":{"showFog":false,"showMaterialUpdate":false,"showSkybox":false,"showFlares":false,"showImageEffects":false,"showParticleSystems":false},"in2DMode":false,"pivot":{"x":-1.186380386352539,"y":-11.986369132995606,"z":74.32569122314453},"rotation":{"x":-0.10270732641220093,"y":-0.01669110544025898,"z":0.0017393544549122453,"w":-0.9946147203445435},"size":40.409481048583987,"orthographic":false}