{"cameraMode":{"drawMode":0,"name":"Shaded","section":"Shading Mode"},"sceneLighting":true,"audioPlay":false,"sceneViewState":{"showFog":false,"showMaterialUpdate":false,"showSkybox":false,"showFlares":false,"showImageEffects":false,"showParticleSystems":false},"in2DMode":false,"pivot":{"x":32.07736587524414,"y":4.071002960205078,"z":6.120102882385254},"rotation":{"x":-0.035785283893346789,"y":0.6193265914916992,"z":0.028241097927093507,"w":0.7838391661643982},"size":21.313425064086915,"orthographic":false}