{"cameraMode":{"drawMode":0,"name":"Shaded","section":"Shading Mode"},"sceneLighting":true,"audioPlay":false,"sceneViewState":{"showFog":false,"showMaterialUpdate":false,"showSkybox":false,"showFlares":false,"showImageEffects":false,"showParticleSystems":false},"in2DMode":false,"pivot":{"x":6.23542594909668,"y":-14.096978187561036,"z":20.95404815673828},"rotation":{"x":0.311213880777359,"y":0.14576008915901185,"z":-0.048376504331827167,"w":0.9378694295883179},"size":16.800630569458009,"orthographic":false}